RCH,AREAkm2,FLOW_OUTcms,MINP_OUTkg,ORGP_OUTkg,总磷负荷,系数1,总磷浓度,体积,Cs,K,环境容量1,系数2,环境容量2,环境容量3,系数4,环境容量4,系数5,环境容量
1,1.03E+02,2.11 ,3.74E+03,9.42E+04,9.79E+04,0.0000317098 ,1.472 ,38104.8553492586,0.2,0.05,-2.68252521562659,86400,0.00441028418394197,-2.67811493144264,86.4,-231.389130076645,0.365,-84.4570324779752
2,1.83E+02,3.74 ,5.01E+03,1.43E+05,1.48E+05,0.0000317098 ,1.258 ,314379.305045814,0.2,0.05,-3.95227656012177,86400,0.0363864936395618,-3.91589006648221,86.4,-338.332901744063,0.365,-123.491509136583
3,2.04E+02,4.55 ,1.28E+04,6.44E+04,7.72E+04,0.0000317098 ,0.538 ,313209.997385735,0.2,0.05,-1.53811303906647,86400,0.0362511571048305,-1.50186188196163,86.4,-129.760866601485,0.365,-47.3627163095421
4,1.04E+02,1.59 ,9.26E+03,2.13E+04,3.06E+04,0.0000317098 ,0.609 ,42836.1025242044,0.2,0.05,-0.650863470319635,86400,0.00495788223659773,-0.645905588083037,86.4,-55.8062428103744,0.365,-20.3692786257867
5,2.37E+02,4.81 ,5.10E+03,1.52E+05,1.58E+05,0.0000317098 ,1.037 ,2389672.56782378,0.2,0.05,-4.03149223744292,86400,0.276582473127752,-3.75490976431517,86.4,-324.424203636831,0.365,-118.414834327443
6,4.15E+02,7.79 ,2.44E+04,9.98E+04,1.24E+05,0.0000317098 ,0.505 ,1064519.22889732,0.2,0.05,-2.37923906646373,86400,0.123208244085338,-2.25603082237839,86.4,-194.921063053493,0.365,-71.1461880145248
7,7.03E+02,13.40 ,3.27E+04,2.54E+05,2.87E+05,0.0000317098 ,0.679 ,688953.088429019,0.2,0.05,-6.42451547437849,86400,0.0797399407903957,-6.3447755335881,86.4,-548.188606102012,0.365,-200.088841227234
8,1.25E+02,1.94 ,2.58E+03,1.53E+04,1.79E+04,0.0000317098 ,0.291 ,324557.929284904,0.2,0.05,-0.177790563165906,86400,0.0375645751487157,-0.14022598801719,86.4,-12.1155253646852,0.365,-4.42216675811011
9,8.58E+02,15.80 ,3.79E+04,2.78E+05,3.16E+05,0.0000317098 ,0.633 ,472437.235921745,0.2,0.05,-6.84761035007611,86400,0.0546802356390909,-6.79293011443702,86.4,-586.909161887358,0.365,-214.221844088886
10,6.58E+02,9.53 ,7.38E+03,2.57E+05,2.64E+05,0.0000317098 ,0.879 ,10557711.8584893,0.2,0.05,-6.46779502790462,86400,1.22195739102885,-5.24583763687577,86.4,-453.240371826066,0.365,-165.432735716514
11,1.01E+02,1.55 ,1.18E+03,2.08E+04,2.20E+04,0.0000317098 ,0.450 ,746.156909579825,0.2,0.05,-0.387298325722984,86400,8.63607534235909E-05,-0.38721196496956,86.4,-33.45511377337,0.365,-12.21111652728
12,2.66E+02,3.69 ,4.52E+03,4.99E+04,5.44E+04,0.0000317098 ,0.468 ,672685.036446227,0.2,0.05,-0.988071334348047,86400,0.0778570644034985,-0.910214269944549,86.4,-78.642512923209,0.365,-28.7045172169713
13,7.35E+02,15.44 ,2.42E+04,3.99E+05,4.23E+05,0.0000317098 ,0.869 ,7769367.99701039,0.2,0.05,-10.3322181633689,86400,0.899232407061388,-9.43298575630747,86.4,-815.009969344965,0.365,-297.478638810912
14,1.24E+02,1.82 ,2.92E+03,2.24E+04,2.53E+04,0.0000317098 ,0.441 ,234076.283714163,0.2,0.05,-0.438394317605277,86400,0.027092162466917,-0.41130215513836,86.4,-35.5365062039543,0.365,-12.9708247644433
15,1.28E+02,1.55 ,1.44E+03,1.81E+04,1.95E+04,0.0000317098 ,0.398 ,166022.177835822,0.2,0.05,-0.307962912227296,86400,0.019215529842109,-0.288747382385187,86.4,-24.9477738380802,0.365,-9.10593745089926
16,1.34E+02,2.80 ,4.26E+03,4.23E+04,4.66E+04,0.0000317098 ,0.527 ,145508.971339482,0.2,0.05,-0.917286047691528,86400,0.0168413161272549,-0.900444731564273,86.4,-77.7984248071532,0.365,-28.3964250546109
17,1.43E+02,2.92 ,4.71E+03,4.25E+04,4.72E+04,0.0000317098 ,0.513 ,337178.174890812,0.2,0.05,-0.914126636225267,86400,0.0390252517234736,-0.875101384501793,86.4,-75.608759620955,0.365,-27.5971972616486
18,1.55E+03,25.65 ,6.96E+04,5.08E+05,5.77E+05,0.0000317098 ,0.714 ,6054881.02418549,0.2,0.05,-13.1789167935058,86400,0.700796414836284,-12.4781203786696,86.4,-1078.10960071705,0.365,-393.510004261723
19,4.39E+02,5.67 ,8.45E+03,6.21E+04,7.06E+04,0.0000317098 ,0.395 ,904637.857556167,0.2,0.05,-1.10327463216641,86400,0.104703455735668,-0.998571176430746,86.4,-86.2765496436165,0.365,-31.49094061992
20,1.03E+02,1.47 ,3.05E+03,1.38E+04,1.69E+04,0.0000317098 ,0.365 ,38555.074293622,0.2,0.05,-0.242071029934044,86400,0.0044623928580581,-0.237608637075986,86.4,-20.5293862433652,0.365,-7.49322597882829
21,1.99E+03,31.32 ,7.95E+04,5.70E+05,6.50E+05,0.0000317098 ,0.658 ,216812.562270974,0.2,0.05,-14.3330953830543,86400,0.0250940465591405,-14.3080013364952,86.4,-1236.21131547318,0.365,-451.217130147711
22,8.52E+02,13.75 ,3.93E+04,1.50E+05,1.89E+05,0.0000317098 ,0.436 ,1210669.25607885,0.2,0.05,-3.24251648909183,86400,0.140123756490608,-3.10239273260123,86.4,-268.046732096746,0.365,-97.8370572153123
23,8.08E+02,17.37 ,7.65E+03,3.17E+05,3.24E+05,0.0000317098 ,0.592 ,14901146.5893567,0.2,0.05,-6.81430542871639,86400,1.72466974413851,-5.08963568457788,86.4,-439.744523147529,0.365,-160.506750948848
24,3.15E+03,56.48 ,1.43E+05,9.10E+05,1.05E+06,0.0000317098 ,0.591 ,1551159.99634702,0.2,0.05,-22.0817270421106,86400,0.179532406984609,-21.902194635126,86.4,-1892.34961647489,0.365,-690.707610013334
25,1.44E+02,2.01 ,4.30E+03,2.61E+04,3.04E+04,0.0000317098 ,0.481 ,81632.3408010774,0.2,0.05,-0.563719228817859,86400,0.00944818759271729,-0.554271041225142,86.4,-47.8890179618523,0.365,-17.4794915560761
26,1.08E+03,16.80 ,5.06E+04,1.79E+05,2.29E+05,0.0000317098 ,0.433 ,2881987.25333929,0.2,0.05,-3.9142262810756,86400,0.333563339506862,-3.58066294156874,86.4,-309.369278151539,0.365,-112.919786525312
27,1.22E+03,21.83 ,5.96E+04,4.30E+05,4.89E+05,0.0000317098 ,0.711 ,7947470.34346242,0.2,0.05,-11.1492841197362,86400,0.91984610456741,-10.2294380151688,86.4,-883.823444510582,0.365,-322.595557246362
28,7.26E+02,12.01 ,3.29E+04,1.35E+05,1.68E+05,0.0000317098 ,0.444 ,5873897.58648776,0.2,0.05,-2.93253830542872,86400,0.679849257695343,-2.25268904773338,86.4,-194.632333724164,0.365,-71.0408018093197
29,2.34E+03,39.05 ,1.30E+05,5.98E+05,7.27E+05,0.0000317098 ,0.590 ,3595204.06341762,0.2,0.05,-15.2461897513952,86400,0.416111581414076,-14.8300781699812,86.4,-1281.31875388637,0.365,-467.681345168526
30,5.24E+03,89.05 ,2.39E+05,1.47E+06,1.71E+06,0.0000317098 ,0.609 ,8175489.34043271,0.2,0.05,-36.3852054794521,86400,0.946237192179712,-35.4389682872724,86.4,-3061.92686002033,0.365,-1117.60330390742
31,5.30E+03,89.72 ,2.49E+05,1.47E+06,1.71E+06,0.0000317098 ,0.606 ,5976675.38304309,0.2,0.05,-36.393899543379,86400,0.691744836000358,-35.7021547073787,86.4,-3084.66616671752,0.365,-1125.90315085189
32,6.42E+03,104.20 ,2.82E+05,1.64E+06,1.92E+06,0.0000317098 ,0.583 ,76397.9216950515,0.2,0.05,-39.9540131912735,86400,0.00884235204803837,-39.9451708392255,86.4,-3451.26276050908,0.365,-1259.71090758581
33,1.12E+03,14.46 ,3.25E+04,1.69E+05,2.02E+05,0.0000317098 ,0.442 ,5039331.34633591,0.2,0.05,-3.50354794520548,86400,0.583255942862953,-2.92029200234253,86.4,-252.313229002395,0.365,-92.094328585874
34,6.59E+03,106.30 ,2.87E+05,1.66E+06,1.95E+06,0.0000317098 ,0.582 ,4368897.17948698,0.2,0.05,-40.5867782851345,86400,0.505659395773956,-40.0811188893605,86.4,-3463.00867204075,0.365,-1263.99816529487
35,1.65E+02,2.07 ,1.86E+03,3.08E+04,3.27E+04,0.0000317098 ,0.500 ,198162.739644404,0.2,0.05,-0.621802841197362,86400,0.0229355022736579,-0.598867338923704,86.4,-51.7421380830081,0.365,-18.8858804002979
36,4.66E+02,6.35 ,8.62E+03,7.46E+04,8.32E+04,0.0000317098 ,0.415 ,3349465.96276514,0.2,0.05,-1.36725220700152,86400,0.387669671616336,-0.979582535385187,86.4,-84.6359310572802,0.365,-30.8921148359073
37,6.61E+03,106.50 ,2.98E+05,1.65E+06,1.95E+06,0.0000317098 ,0.580 ,12755119.2959258,0.2,0.05,-40.508726534754,86400,1.47628695554697,-39.032439579207,86.4,-3372.40277964348,0.365,-1230.92701456987
38,3.03E+02,4.29 ,3.69E+03,3.55E+04,3.92E+04,0.0000317098 ,0.290 ,1068922.38096811,0.2,0.05,-0.386236073059361,86400,0.123717868167605,-0.262518204891756,86.4,-22.6815729026477,0.365,-8.27877410946642
39,3.69E+02,4.67 ,2.88E+03,6.61E+04,6.89E+04,0.0000317098 ,0.469 ,1421964.62456573,0.2,0.05,-1.2533267376966,86400,0.164579238954367,-1.08874749874223,86.4,-94.0677838913291,0.365,-34.3347411203351
40,1.08E+02,1.35 ,1.13E+03,1.05E+04,1.16E+04,0.0000317098 ,0.274 ,19688.5785085886,0.2,0.05,-0.0994605276509388,86400,0.00227877066071627,-0.0971817569902225,86.4,-8.39650380395522,0.365,-3.06472388844366
41,7.04E+03,112.50 ,3.87E+05,1.61E+06,2.00E+06,0.0000317098 ,0.562 ,19754539.8364362,0.2,0.05,-40.7800608828006,86400,2.2864050736616,-38.493655809139,86.4,-3325.85186190961,0.365,-1213.93592959701
42,7.42E+03,117.60 ,4.27E+05,1.60E+06,2.03E+06,0.0000317098 ,0.547 ,17769432.0800323,0.2,0.05,-40.790629122273,86400,2.05664723148522,-38.7339818907878,86.4,-3346.61603536406,0.365,-1221.51485290788
43,7.42E+03,117.60 ,4.30E+05,1.60E+06,2.03E+06,0.0000317098 ,0.547 ,3371947.92352953,0.2,0.05,-40.8001420598681,86400,0.390271750408511,-40.4098703094596,86.4,-3491.41279473731,0.365,-1274.36567007912
44,1.44E+02,2.02 ,1.34E+03,1.92E+04,2.05E+04,0.0000317098 ,0.321 ,194658.268545882,0.2,0.05,-0.245440994419077,86400,0.0225298921928104,-0.222911102226266,86.4,-19.2595192323494,0.365,-7.02972451980754
45,7.75E+03,211.80 ,4.97E+05,1.58E+06,2.07E+06,0.0000317098 ,0.310 ,32118410.6880896,0.2,0.05,-23.3648858447489,86400,3.71740864445482,-19.6474772002941,86.4,-1697.54203010541,0.365,-619.602840988473
46,1.14E+02,1.27 ,5.72E+02,1.16E+04,1.22E+04,0.0000317098 ,0.303 ,1194.08953376785,0.2,0.05,-0.13180261288686,86400,0.000138204807149057,-0.131664408079711,86.4,-11.375804858087,0.365,-4.15216877320175
47,1.97E+02,2.47 ,1.98E+03,2.26E+04,2.46E+04,0.0000317098 ,0.316 ,452193.0958102,0.2,0.05,-0.285660882800609,86400,0.0523371638669213,-0.233323718933688,86.4,-20.1591693158706,0.365,-7.35809680029278
48,6.57E+02,7.27 ,8.64E+03,8.37E+04,9.23E+04,0.0000317098 ,0.403 ,298346.878085026,0.2,0.05,-1.47378706240487,86400,0.0345308886672484,-1.43925617373762,86.4,-124.351733410931,0.365,-45.3883826949897
49,2.39E+02,2.67 ,2.40E+03,2.50E+04,2.74E+04,0.0000317098 ,0.325 ,476788.95998576,0.2,0.05,-0.333465296803653,86400,0.0551839074057593,-0.278281389397894,86.4,-24.043512043978,0.365,-8.77588189605198
50,7.59E+02,10.56 ,1.18E+04,6.74E+04,7.93E+04,0.0000317098 ,0.238 ,7123339.49550947,0.2,0.05,-0.401001014713344,86400,0.824460589758041,0.423459575044696,86.4,36.5869072838618,0.365,13.3542211586095
51,4.20E+02,6.87 ,5.73E+03,5.04E+04,5.61E+04,0.0000317098 ,0.259 ,1928767.2701258,0.2,0.05,-0.406131557584983,86400,0.223236952560857,-0.182894605024127,86.4,-15.8020938740845,0.365,-5.76776426404085
52,4.08E+02,4.48 ,4.98E+03,5.81E+04,6.30E+04,0.0000317098 ,0.446 ,1430773.26432433,0.2,0.05,-1.10186818873668,86400,0.165598757444946,-0.936269431291737,86.4,-80.8936788636061,0.365,-29.5261927852162
53,1.11E+03,13.28 ,2.10E+04,1.27E+05,1.48E+05,0.0000317098 ,0.354 ,5502714.22220576,0.2,0.05,-2.04180568239473,86400,0.636888220162704,-1.40491746223202,86.4,-121.384868736847,0.365,-44.305477088949
54,7.87E+03,213.30 ,5.68E+05,1.51E+06,2.08E+06,0.0000317098 ,0.309 ,44245215.3175202,0.2,0.05,-23.2646575342466,86400,5.12097399508336,-18.1436835391632,86.4,-1567.6142577837,0.365,-572.179204091052
55,1.11E+02,1.81 ,1.14E+03,1.73E+04,1.85E+04,0.0000317098 ,0.325 ,34902.2650482135,0.2,0.05,-0.225060375443937,86400,0.0040396140102099,-0.221020761433728,86.4,-19.0961937878741,0.365,-6.97011073257403
56,1.30E+03,19.13 ,2.34E+04,1.29E+05,1.52E+05,0.0000317098 ,0.253 ,3708031.63113271,0.2,0.05,-1.00910908168443,86400,0.429170327677397,-0.579938754007029,86.4,-50.1067083462073,0.365,-18.2889485463657
57,1.14E+02,1.86 ,1.03E+03,1.71E+04,1.81E+04,0.0000317098 ,0.309 ,79310.390394758,0.2,0.05,-0.202876560121766,86400,0.00917944333272662,-0.193697116789039,86.4,-16.735430890573,0.365,-6.10843227505914
58,5.59E+02,9.06 ,8.28E+03,8.11E+04,8.94E+04,0.0000317098 ,0.313 ,2173494.28039346,0.2,0.05,-1.02046991374937,86400,0.251561838008502,-0.768908075740864,86.4,-66.4336577440107,0.365,-24.2482850765639
59,9.06E+03,227.40 ,6.34E+05,1.60E+06,2.23E+06,0.0000317098 ,0.311 ,29507115.9324261,0.2,0.05,-25.3121106037545,86400,3.41517545514191,-21.8969351486126,86.4,-1891.89519684012,0.365,-690.541746846646
60,1.92E+03,28.98 ,3.83E+04,2.11E+05,2.49E+05,0.0000317098 ,0.273 ,4035559.99739667,0.2,0.05,-2.11051953323187,86400,0.467078703402393,-1.64344082982947,86.4,-141.993287697266,0.365,-51.8275500095023
61,3.72E+02,5.16 ,4.63E+03,4.32E+04,4.78E+04,0.0000317098 ,0.293 ,1464710.96890724,0.2,0.05,-0.482335312024354,86400,0.169526732512412,-0.312808579511941,86.4,-27.0266612698317,0.365,-9.86473136348859
62,1.11E+04,258.00 ,7.72E+05,1.71E+06,2.48E+06,0.0000317098 ,0.305 ,34251044.2467579,0.2,0.05,-27.1829781836631,86400,3.96424123226365,-23.2187369513995,86.4,-2006.09887260092,0.365,-732.226088499334
63,1.00E+02,1.42 ,1.39E+03,1.57E+04,1.71E+04,0.0000317098 ,0.381 ,2444.55700054752,0.2,0.05,-0.257371537290716,86400,0.000282934838026333,-0.257088602452689,86.4,-22.2124552519124,0.365,-8.10754616694801
64,6.25E+02,8.85 ,1.36E+04,8.56E+04,9.92E+04,0.0000317098 ,0.356 ,754248.616542237,0.2,0.05,-1.3770797564688,86400,0.0872972935812774,-1.28978246288752,86.4,-111.437204793482,0.365,-40.6745797496209
65,2.02E+02,2.20 ,2.52E+03,2.56E+04,2.82E+04,0.0000317098 ,0.407 ,497668.126678114,0.2,0.05,-0.453620903094876,86400,0.0576004776247817,-0.396020425470094,86.4,-34.2161647606162,0.365,-12.4889001376249
66,1.16E+04,264.50 ,8.49E+05,1.69E+06,2.54E+06,0.0000317098 ,0.304 ,21609290.8343922,0.2,0.05,-27.5318873668189,86400,2.50107532805465,-25.0308120387642,86.4,-2162.66216014923,0.365,-789.371688454469
67,1.46E+02,2.17 ,1.35E+03,2.23E+04,2.37E+04,0.0000317098 ,0.347 ,150555.989221892,0.2,0.05,-0.318300101471335,86400,0.0174254617154968,-0.300874639755838,86.4,-25.9955688749044,0.365,-9.48838263934011
68,2.18E+02,3.08 ,2.85E+03,3.01E+04,3.29E+04,0.0000317098 ,0.339 ,454933.026050558,0.2,0.05,-0.428149771689498,86400,0.0526542854225183,-0.37549548626698,86.4,-32.4428100134671,0.365,-11.8416256549155
69,2.23E+02,3.18 ,2.76E+03,3.31E+04,3.58E+04,0.0000317098 ,0.357 ,201211.176497332,0.2,0.05,-0.500213039066464,86400,0.0232883306131171,-0.476924708453347,86.4,-41.2062948103692,0.365,-15.0402976057848
70,2.17E+02,3.42 ,3.31E+03,3.46E+04,3.79E+04,0.0000317098 ,0.352 ,375552.010773004,0.2,0.05,-0.517871790969052,86400,0.0434666679135421,-0.47440512305551,86.4,-40.988602631996,0.365,-14.9608399606785
71,1.31E+02,2.07 ,1.97E+03,1.98E+04,2.17E+04,0.0000317098 ,0.332 ,151459.502060114,0.2,0.05,-0.274136681887367,86400,0.0175300349606613,-0.256606646926706,86.4,-22.1708142944674,0.365,-8.09234721748059
72,5.05E+02,7.15 ,9.25E+03,6.95E+04,7.87E+04,0.0000317098 ,0.349 ,1342437.86940603,0.2,0.05,-1.06538259766616,86400,0.155374753403476,-0.910007844262685,86.4,-78.624677744296,0.365,-28.698007376668
73,8.37E+02,11.17 ,1.79E+04,1.11E+05,1.29E+05,0.0000317098 ,0.367 ,680486.475014006,0.2,0.05,-1.86005124302385,86400,0.0787600086821766,-1.78129123434167,86.4,-153.90356264712,0.365,-56.1748003661989
74,1.29E+03,17.58 ,2.70E+04,1.62E+05,1.89E+05,0.0000317098 ,0.341 ,696102.858496292,0.2,0.05,-2.4787361745307,86400,0.0805674604741079,-2.39816871405659,86.4,-207.201776894489,0.365,-75.6286485664886
75,1.06E+02,1.67 ,1.13E+03,1.99E+04,2.11E+04,0.0000317098 ,0.401 ,7003.58014130495,0.2,0.05,-0.334503348554034,86400,0.000810599553391777,-0.333692749000642,86.4,-28.8310535136555,0.365,-10.5233345324842
76,5.26E+02,8.27 ,9.01E+03,8.29E+04,9.19E+04,0.0000317098 ,0.352 ,1133801.09778124,0.2,0.05,-1.25863226788432,86400,0.131226978909866,-1.12740528897446,86.4,-97.4078169673932,0.365,-35.5538531930985
77,1.19E+04,268.70 ,8.87E+05,1.69E+06,2.58E+06,0.0000317098 ,0.304 ,30625639.6173732,0.2,0.05,-28.0522374429224,86400,3.54463421497375,-24.5076032279487,86.4,-2117.45691889476,0.365,-772.871775396589
78,1.99E+03,27.57 ,5.06E+04,2.37E+05,2.87E+05,0.0000317098 ,0.331 ,4947352.30234227,0.2,0.05,-3.59812582445459,86400,0.572610220178504,-3.02551560427609,86.4,-261.404548209454,0.365,-95.4126600964508
79,2.49E+03,34.83 ,6.85E+04,3.01E+05,3.70E+05,0.0000317098 ,0.336 ,3166551.87087381,0.2,0.05,-4.7539391171994,86400,0.366499059128913,-4.38744005807048,86.4,-379.07482101729,0.365,-138.362309671311
80,2.34E+03,32.50 ,6.37E+04,2.79E+05,3.42E+05,0.0000317098 ,0.334 ,5785546.05770903,0.2,0.05,-4.35394469812279,86400,0.669623386308916,-3.68432131181387,86.4,-318.325361340718,0.365,-116.188756889362
81,1.02E+02,1.52 ,1.09E+03,1.79E+04,1.90E+04,0.0000317098 ,0.395 ,11139.9838675803,0.2,0.05,-0.296481075596144,86400,0.00128934998467365,-0.295191725611471,86.4,-25.5045650928311,0.365,-9.30916625888334
82,1.44E+04,304.30 ,9.83E+05,1.97E+06,2.95E+06,0.0000317098 ,0.308 ,33788811.1030558,0.2,0.05,-32.763160832065,86400,3.91074202581664,-28.8524188062483,86.4,-2492.84898485986,0.365,-909.889879473848
83,1.45E+04,305.60 ,9.93E+05,1.97E+06,2.97E+06,0.0000317098 ,0.308 ,15976293.5654822,0.2,0.05,-32.9534398782344,86400,1.84910805156044,-31.104331826674,86.4,-2687.41426982463,0.365,-980.906208485991
84,2.30E+02,3.30 ,3.01E+03,3.74E+04,4.04E+04,0.0000317098 ,0.389 ,538675.431255579,0.2,0.05,-0.623134246575343,86400,0.0623466934323587,-0.560787553142984,86.4,-48.4520445915538,0.365,-17.6849962759171
85,4.41E+02,6.29 ,7.41E+03,5.03E+04,5.77E+04,0.0000317098 ,0.291 ,3238662.89149254,0.2,0.05,-0.572486707255201,86400,0.374845242070896,-0.197641465184305,86.4,-17.076222591924,0.365,-6.23282124605224
86,8.41E+02,13.18 ,1.84E+04,1.25E+05,1.44E+05,0.0000317098 ,0.346 ,3738573.26383784,0.2,0.05,-1.91879452054795,86400,0.43270523887012,-1.48608928167783,86.4,-128.398113936964,0.365,-46.865311586992
87,4.48E+02,7.05 ,7.71E+03,6.33E+04,7.10E+04,0.0000317098 ,0.320 ,2193925.1806893,0.2,0.05,-0.843158751902588,86400,0.253926525542743,-0.589232226359845,86.4,-50.9096643574906,0.365,-18.5820274904841
88,3.01E+02,5.51 ,4.24E+03,6.66E+04,7.08E+04,0.0000317098 ,0.408 ,871608.964072921,0.2,0.05,-1.14504850329782,86400,0.10088066713807,-1.04416783615975,86.4,-90.2161010442024,0.365,-32.9288768811339
89,5.18E+02,7.38 ,8.63E+03,6.49E+04,7.35E+04,0.0000317098 ,0.316 ,3308475.70878126,0.2,0.05,-0.855130644342974,86400,0.38292542925709,-0.472205215085884,86.4,-40.7985305834203,0.365,-14.8914636629484
90,1.51E+04,314.90 ,1.13E+06,1.93E+06,3.06E+06,0.0000317098 ,0.308 ,66036568.878822,0.2,0.05,-34.0519634703197,86400,7.64312139801181,-26.4088420723079,86.4,-2281.7239550474,0.365,-832.8292435923
91,1.07E+02,1.97 ,1.47E+03,2.36E+04,2.51E+04,0.0000317098 ,0.405 ,38672.5191935787,0.2,0.05,-0.402281582952816,86400,0.00447598601777531,-0.397805596935041,86.4,-34.3704035751875,0.365,-12.5451973049434
92,1.52E+04,317.20 ,1.16E+06,1.93E+06,3.09E+06,0.0000317098 ,0.308 ,26512382.6360255,0.2,0.05,-34.3847082699138,86400,3.06856280509555,-31.3161454648182,86.4,-2705.7149681603,0.365,-987.585963378508
93,1.40E+03,21.94 ,3.57E+04,1.95E+05,2.31E+05,0.0000317098 ,0.334 ,3112823.88666234,0.2,0.05,-2.93093708777271,86400,0.360280542437771,-2.57065654533494,86.4,-222.104725516938,0.365,-81.0682248136825
94,1.17E+02,1.92 ,2.33E+03,1.94E+04,2.17E+04,0.0000317098 ,0.358 ,88678.4246725195,0.2,0.05,-0.303626839167935,86400,0.0102637065593194,-0.293363132608616,86.4,-25.3465746573844,0.365,-9.25149974994531
95,1.00E+02,1.66 ,2.15E+03,1.73E+04,1.94E+04,0.0000317098 ,0.370 ,8858.20120477946,0.2,0.05,-0.282813901572806,86400,0.0010252547690717,-0.281788646803734,86.4,-24.3465390838426,0.365,-8.88648676560256
96,1.67E+04,340.90 ,1.22E+06,2.12E+06,3.34E+06,0.0000317098 ,0.310 ,28098373.2586316,0.2,0.05,-37.6038660578387,86400,3.25212653456384,-34.3517395232749,86.4,-2967.99029481095,0.365,-1083.316457606
97,1.09E+02,1.80 ,2.32E+03,1.91E+04,2.14E+04,0.0000317098 ,0.378 ,65318.1210437432,0.2,0.05,-0.318913901572806,86400,0.00755996771339621,-0.31135393385941,86.4,-26.900979885453,0.365,-9.81885765819034
98,1.69E+04,344.20 ,1.25E+06,2.12E+06,3.37E+06,0.0000317098 ,0.311 ,31527526.6063185,0.2,0.05,-38.1488381532218,86400,3.64901928313872,-34.4998188700831,86.4,-2980.78435037518,0.365,-1087.98628788694
99,1.69E+04,344.20 ,1.28E+06,2.10E+06,3.38E+06,0.0000317098 ,0.311 ,24512956.4704139,0.2,0.05,-38.2122577371893,86400,2.83714773963124,-35.375109997558,86.4,-3056.40950378902,0.365,-1115.58946888299
100,4.03E+02,6.61 ,9.62E+03,6.14E+04,7.10E+04,0.0000317098 ,0.341 ,1414974.70784405,0.2,0.05,-0.929144038559108,86400,0.163770220815284,-0.765373817743824,86.4,-66.1282978530664,0.365,-24.1368287163692
101,1.73E+04,350.80 ,1.29E+06,2.16E+06,3.45E+06,0.0000317098 ,0.312 ,3865029.84103881,0.2,0.05,-39.1753627600203,86400,0.447341416786899,-38.7280213432334,86.4,-3346.10104405537,0.365,-1221.32688108021
102,2.62E+02,4.61 ,4.04E+03,6.01E+04,6.41E+04,0.0000317098 ,0.441 ,1394784.61308175,0.2,0.05,-1.11033673262303,86400,0.161433404291869,-0.948903328331165,86.4,-81.9852475678127,0.365,-29.9246153622516
103,1.13E+02,2.10 ,1.55E+03,1.99E+04,2.15E+04,0.0000317098 ,0.325 ,63177.9234005584,0.2,0.05,-0.261611719939117,86400,0.00731225965284241,-0.254299460286275,86.4,-21.9714733687342,0.365,-8.01958777958797
104,2.29E+02,4.22 ,4.23E+03,4.48E+04,4.90E+04,0.0000317098 ,0.368 ,96057.4358440835,0.2,0.05,-0.709557838660579,86400,0.0111177587782504,-0.698440079882329,86.4,-60.3452229018332,0.365,-22.0260063591691
105,1.76E+04,354.80 ,1.33E+06,2.19E+06,3.52E+06,0.0000317098 ,0.315 ,13221171.1814914,0.2,0.05,-40.7853069507864,86400,1.53022814600595,-39.2550788047805,86.4,-3391.63880873304,0.365,-1237.94816518756
106,1.01E+02,1.84 ,1.35E+03,2.22E+04,2.36E+04,0.0000317098 ,0.407 ,9094.29541932506,0.2,0.05,-0.380338863521056,86400,0.00105258048834781,-0.379286283032708,86.4,-32.770334854026,0.365,-11.9611722217195
107,2.17E+02,3.60 ,3.07E+04,3.71E+04,6.78E+04,0.0000317098 ,0.598 ,425743.856759581,0.2,0.05,-1.42988970065956,86400,0.0492759093471737,-1.38061379131239,86.4,-119.285031569391,0.365,-43.5390365228276
108,1.50E+02,3.14 ,3.34E+04,3.20E+04,6.54E+04,0.0000317098 ,0.661 ,77285.9318528972,0.2,0.05,-1.44650329781837,86400,0.00894513100149274,-1.43755816681687,86.4,-124.205025612978,0.365,-45.334834348737
109,5.01E+02,9.01 ,1.11E+04,1.05E+05,1.16E+05,0.0000317098 ,0.407 ,402192.153293757,0.2,0.05,-1.86698873668189,86400,0.046550017742333,-1.82043871893956,86.4,-157.285905316378,0.365,-57.4093554404778
110,1.15E+02,2.09 ,2.30E+03,2.39E+04,2.62E+04,0.0000317098 ,0.398 ,137205.717293577,0.2,0.05,-0.412381836631152,86400,0.0158802913534233,-0.396501545277729,86.4,-34.2577335119958,0.365,-12.5040727318785
111,1.43E+02,3.02 ,3.35E+04,2.79E+04,6.14E+04,0.0000317098 ,0.646 ,124868.318115028,0.2,0.05,-1.34453252156266,86400,0.0144523516336838,-1.33008016992898,86.4,-114.918926681863,0.365,-41.9454082388802
112,1.08E+02,1.95 ,1.39E+03,2.47E+04,2.61E+04,0.0000317098 ,0.424 ,1130.48992541097,0.2,0.05,-0.436662049720954,86400,0.00013084374136701,-0.436531205979587,86.4,-37.7162961966363,0.365,-13.7664481117723
113,1.79E+04,360.60 ,1.40E+06,2.20E+06,3.61E+06,0.0000317098 ,0.317 ,43000477.9212399,0.2,0.05,-42.2255098934551,86400,4.97690716681017,-37.248602726645,86.4,-3218.27927558212,0.365,-1174.67193558748
114,2.16E+02,3.54 ,3.18E+03,3.15E+04,3.47E+04,0.0000317098 ,0.311 ,738990.645643605,0.2,0.05,-0.392046879756469,86400,0.0855313247272691,-0.3065155550292,86.4,-26.4829439545229,0.365,-9.66627454340086
115,1.31E+02,2.19 ,1.04E+03,1.89E+04,1.99E+04,0.0000317098 ,0.289 ,147448.928903215,0.2,0.05,-0.194902993404364,86400,0.0170658482526869,-0.177837145151677,86.4,-15.3651293411049,0.365,-5.60827220950328
116,7.18E+02,12.65 ,1.94E+04,1.37E+05,1.57E+05,0.0000317098 ,0.392 ,1457565.74919853,0.2,0.05,-2.43258244545916,86400,0.168699739490571,-2.26388270596859,86.4,-195.599465795686,0.365,-71.3938050154254
117,1.31E+02,2.43 ,8.90E+02,2.28E+04,2.37E+04,0.0000317098 ,0.310 ,54483.6083227394,0.2,0.05,-0.265691045154744,86400,0.00630597318550225,-0.259385071969242,86.4,-22.4108702181425,0.365,-8.17996762962201
118,1.97E+02,3.02 ,1.77E+03,2.96E+04,3.14E+04,0.0000317098 ,0.330 ,370036.072746459,0.2,0.05,-0.391833789954338,86400,0.0428282491604698,-0.349005540793869,86.4,-30.1540787245902,0.365,-11.0062387344754
119,1.80E+04,361.70 ,1.42E+06,2.19E+06,3.62E+06,0.0000317098 ,0.317 ,31988713.2654739,0.2,0.05,-42.3226078132928,86400,3.70239736868911,-38.6202104446037,86.4,-3336.78618241376,0.365,-1217.92695658102
120,1.08E+02,1.77 ,6.89E+02,1.83E+04,1.90E+04,0.0000317098 ,0.341 ,33019.7023916288,0.2,0.05,-0.249377777777778,86400,0.00382172481384593,-0.245556052963932,86.4,-21.2160429760837,0.365,-7.74385568627057
121,9.66E+02,16.80 ,2.61E+04,1.74E+05,2.00E+05,0.0000317098 ,0.378 ,2038296.85314446,0.2,0.05,-2.99305682394724,86400,0.235913987632461,-2.75714283631478,86.4,-238.217141057597,0.365,-86.9492564860228
122,1.01E+03,15.51 ,1.99E+04,1.57E+05,1.77E+05,0.0000317098 ,0.362 ,1307652.79428342,0.2,0.05,-2.51665804160325,86400,0.151348703042063,-2.36530933856119,86.4,-204.362726851687,0.365,-74.5923953008656
123,4.92E+02,8.00 ,7.71E+03,7.69E+04,8.46E+04,0.0000317098 ,0.335 ,1470523.06133505,0.2,0.05,-1.08254104515474,86400,0.17019942839526,-0.912341616759484,86.4,-78.8263156880195,0.365,-28.7716052261271
124,2.05E+03,33.26 ,5.34E+04,3.36E+05,3.90E+05,0.0000317098 ,0.372 ,5200622.32685665,0.2,0.05,-5.70435464231355,86400,0.601923880423224,-5.10243076189033,86.4,-440.850017827324,0.365,-160.910256506973
125,7.88E+02,12.12 ,1.51E+04,1.27E+05,1.42E+05,0.0000317098 ,0.371 ,1538879.66717341,0.2,0.05,-2.06991171993912,86400,0.178111072589515,-1.8918006473496,86.4,-163.451575931006,0.365,-59.6598252148171
126,1.10E+02,1.60 ,3.04E+02,2.27E+04,2.30E+04,0.0000317098 ,0.456 ,5925.30124003767,0.2,0.05,-0.409658396752918,86400,0.00068579875463399,-0.408972597998284,86.4,-35.3352324670517,0.365,-12.8973598504739
127,4.66E+02,7.32 ,8.88E+03,7.44E+04,8.33E+04,0.0000317098 ,0.361 ,2919296.40948026,0.2,0.05,-1.17581095890411,86400,0.33788152887503,-0.83792943002908,86.4,-72.3971027545126,0.365,-26.4249425053971
128,6.42E+02,10.00 ,1.16E+04,1.03E+05,1.14E+05,0.0000317098 ,0.362 ,429020.716824916,0.2,0.05,-1.62320953830543,86400,0.0496551755584394,-1.57355436274699,86.4,-135.95509694134,0.365,-49.6236103835891
129,1.63E+02,2.48 ,1.14E+03,2.80E+04,2.91E+04,0.0000317098 ,0.372 ,132128.410980623,0.2,0.05,-0.427096499238965,86400,0.0152926401597943,-0.411803859079171,86.4,-35.5798534244404,0.365,-12.9866464999207
130,2.07E+02,4.40 ,4.63E+03,5.22E+04,5.69E+04,0.0000317098 ,0.410 ,437687.279892384,0.2,0.05,-0.92419928970066,86400,0.0506582499875445,-0.873541039713116,86.4,-75.4739458312132,0.365,-27.5479902283928
131,3.96E+02,8.36 ,5.99E+03,8.34E+04,8.94E+04,0.0000317098 ,0.339 ,1797368.19201739,0.2,0.05,-1.16165043125317,86400,0.208028725927939,-0.953621705325234,86.4,-82.3929153401002,0.365,-30.0734140991366
132,1.82E+04,365.80 ,1.49E+06,2.16E+06,3.65E+06,0.0000317098 ,0.316 ,67101046.797656,0.2,0.05,-42.5807407407408,86400,7.76632486083982,-34.814415879901,86.4,-3007.96553202344,0.365,-1097.90741918856
133,1.21E+02,1.96 ,1.79E+03,1.97E+04,2.15E+04,0.0000317098 ,0.349 ,30038.4347663931,0.2,0.05,-0.291838660578387,86400,0.00347667069055476,-0.288361989887832,86.4,-24.9144759263087,0.365,-9.09378371310267
134,1.16E+02,1.88 ,1.13E+03,1.91E+04,2.02E+04,0.0000317098 ,0.340 ,1213.58452999589,0.2,0.05,-0.264445154743785,86400,0.000140461172453228,-0.264304693571332,86.4,-22.8359255245631,0.365,-8.33511281646552
135,2.95E+03,47.58 ,8.02E+04,4.75E+05,5.55E+05,0.0000317098 ,0.370 ,12056116.6486879,0.2,0.05,-8.093398782344,86400,1.39538387137591,-6.69801491096808,86.4,-578.708488307642,0.365,-211.228598232289
136,1.84E+04,367.80 ,1.50E+06,2.18E+06,3.67E+06,0.0000317098 ,0.317 ,11277004.8059229,0.2,0.05,-42.9100659563674,86400,1.30520888957441,-41.604857066793,86.4,-3594.65965057091,0.365,-1312.05077245838
137,7.69E+02,16.22 ,2.30E+04,1.70E+05,1.93E+05,0.0000317098 ,0.378 ,2669326.72216996,0.2,0.05,-2.88740537798072,86400,0.308949852103005,-2.57845552587772,86.4,-222.778557435835,0.365,-81.3141734640797
138,1.11E+02,2.33 ,3.84E+03,2.86E+04,3.24E+04,0.0000317098 ,0.441 ,106356.705787046,0.2,0.05,-0.561533840690005,86400,0.0123098039105377,-0.549224036779468,86.4,-47.452956777746,0.365,-17.3203292238773
139,1.01E+02,1.68 ,1.03E+03,2.16E+04,2.26E+04,0.0000317098 ,0.428 ,14658.1571440887,0.2,0.05,-0.381704718417047,86400,0.00169654596575101,-0.380008172451296,86.4,-32.832706099792,0.365,-11.9839377264241
140,2.13E+04,415.80 ,1.60E+06,2.63E+06,4.23E+06,0.0000317098 ,0.323 ,29543460.304168,0.2,0.05,-51.0358396752918,86400,3.41938197964907,-47.6164576956427,86.4,-4114.06194490353,0.365,-1501.63260988979
141,5.10E+02,8.24 ,8.60E+03,7.73E+04,8.59E+04,0.0000317098 ,0.330 ,298518.303548329,0.2,0.05,-1.07407590055809,86400,0.0345507295773529,-1.03952517098074,86.4,-89.8149747727359,0.365,-32.7824657920486
142,9.30E+02,19.50 ,2.87E+04,2.10E+05,2.39E+05,0.0000317098 ,0.389 ,683311.093463449,0.2,0.05,-3.6757864028412,86400,0.0790869321138251,-3.59669947072737,86.4,-310.754834270845,0.365,-113.425514508858
143,2.39E+02,4.99 ,6.78E+03,5.49E+04,6.17E+04,0.0000317098 ,0.392 ,849516.272383968,0.2,0.05,-0.959113647894471,86400,0.0983236426370334,-0.860790005257437,86.4,-74.3722564542426,0.365,-27.1458736057985
144,2.19E+04,424.50 ,1.64E+06,2.68E+06,4.32E+06,0.0000317098 ,0.323 ,36277987.4689317,0.2,0.05,-52.0863013698631,86400,4.19884114223747,-47.8874602276256,86.4,-4137.47656366685,0.365,-1510.1789457384
145,1.17E+02,1.96 ,7.38E+02,2.35E+04,2.42E+04,0.0000317098 ,0.392 ,83950.2253681672,0.2,0.05,-0.375707204464739,86400,0.0097164612694638,-0.365990743195275,86.4,-31.6216002120718,0.365,-11.5418840774062
146,2.21E+04,428.30 ,1.66E+06,2.71E+06,4.37E+06,0.0000317098 ,0.323 ,17856407.5241395,0.2,0.05,-52.8483713850838,86400,2.06671383381244,-50.7816575512713,86.4,-4387.53521242984,0.365,-1601.45035253689
147,4.03E+02,6.47 ,6.54E+03,5.54E+04,6.20E+04,0.0000317098 ,0.304 ,1163339.74113221,0.2,0.05,-0.671646067985794,86400,0.134645803371784,-0.537000264614011,86.4,-46.3968228626505,0.365,-16.9348403448674
148,1.94E+02,2.94 ,2.03E+03,3.01E+04,3.21E+04,0.0000317098 ,0.346 ,525455.8224468,0.2,0.05,-0.43066732623034,86400,0.0608166461165278,-0.369850680113813,86.4,-31.9550987618334,0.365,-11.6636110480692
149,1.02E+02,1.74 ,1.12E+03,1.28E+04,1.39E+04,0.0000317098 ,0.253 ,27835.0149019949,0.2,0.05,-0.0921196854388637,86400,0.00322164524328645,-0.0888980401955773,86.4,-7.68079067289787,0.365,-2.80348859560772
150,1.10E+02,1.85 ,1.17E+03,2.05E+04,2.16E+04,0.0000317098 ,0.372 ,67077.5883863896,0.2,0.05,-0.31723160832065,86400,0.00776360976694324,-0.309467998553706,86.4,-26.7380350750402,0.365,-9.75938280238969
151,2.23E+04,432.00 ,1.71E+06,2.69E+06,4.40E+06,0.0000317098 ,0.323 ,49731014.2227214,0.2,0.05,-53.2499238964993,86400,5.75590442392609,-47.4940194725732,86.4,-4103.48328243033,0.365,-1497.77139808707
152,1.34E+02,2.51 ,1.71E+03,3.57E+04,3.74E+04,0.0000317098 ,0.473 ,154528.265601455,0.2,0.05,-0.684841349568747,86400,0.0178852159260943,-0.666956133642653,86.4,-57.6250099467252,0.365,-21.0331286305547
153,2.25E+04,434.50 ,1.72E+06,2.72E+06,4.44E+06,0.0000317098 ,0.324 ,2641047.72064478,0.2,0.05,-53.9231861998986,86400,0.305676819519072,-53.6175093803795,86.4,-4632.55281046479,0.365,-1690.88177581965
154,2.28E+04,439.30 ,1.77E+06,2.73E+06,4.50E+06,0.0000317098 ,0.325 ,46606440.7277552,0.2,0.05,-54.7389345509894,86400,5.39426397311982,-49.3446705778696,86.4,-4263.37953792793,0.365,-1556.13353134369
155,2.29E+04,441.30 ,1.78E+06,2.75E+06,4.52E+06,0.0000317098 ,0.325 ,1858590.58624154,0.2,0.05,-55.1316793505835,86400,0.215114651185363,-54.9165646993981,86.4,-4744.791190028,0.365,-1731.84878436022
156,1.02E+02,1.97 ,1.50E+03,2.14E+04,2.29E+04,0.0000317098 ,0.369 ,18678.480115313,0.2,0.05,-0.331632166412989,86400,0.00216186112445752,-0.329470305288531,86.4,-28.4662343769291,0.365,-10.3901755475791
157,1.39E+03,28.53 ,5.46E+04,2.96E+05,3.50E+05,0.0000317098 ,0.389 ,6540759.32509987,0.2,0.05,-5.40511111111112,86400,0.757032329293967,-4.64807878181715,86.4,-401.594006749002,0.365,-146.581812463386
158,2.45E+04,473.60 ,1.89E+06,3.03E+06,4.92E+06,0.0000317098 ,0.329 ,41402555.1386648,0.2,0.05,-61.2921765601218,86400,4.79196240030843,-56.5002141598134,86.4,-4881.61850340788,0.365,-1781.79075374388
159,1.92E+02,3.25 ,2.98E+03,3.59E+04,3.89E+04,0.0000317098 ,0.379 ,388060.238359771,0.2,0.05,-0.582835261288686,86400,0.0449143794397883,-0.537920881848898,86.4,-46.4763641917448,0.365,-16.9638729299868
160,2.31E+04,444.60 ,1.81E+06,2.75E+06,4.56E+06,0.0000317098 ,0.325 ,41147788.7369339,0.2,0.075,-55.6766514459666,86400,7.14371332238436,-48.5329381235822,86.4,-4193.2458538775,0.365,-1530.53473666529
